{"cameraMode":{"drawMode":0,"name":"Shaded","section":"Shading Mode"},"sceneLighting":true,"audioPlay":false,"sceneViewState":{"showFog":true,"showMaterialUpdate":false,"showSkybox":true,"showFlares":true,"showImageEffects":true,"showParticleSystems":true},"in2DMode":false,"pivot":{"x":0.6443519592285156,"y":-5.669830322265625,"z":8.724285125732422},"rotation":{"x":0.21877187490463258,"y":0.5716133713722229,"z":-0.16151797771453858,"w":0.7741793394088745},"size":40.829017639160159,"orthographic":true}