{"cameraMode":{"drawMode":0,"name":"Shaded","section":"Shading Mode"},"sceneLighting":true,"audioPlay":false,"sceneViewState":{"showFog":true,"showMaterialUpdate":false,"showSkybox":true,"showFlares":true,"showImageEffects":true,"showParticleSystems":true},"in2DMode":false,"pivot":{"x":-20.976930618286134,"y":-6.46875,"z":-9.29768180847168},"rotation":{"x":0.2775546908378601,"y":0.14058814942836762,"z":-0.04109673947095871,"w":0.9494823217391968},"size":48.459075927734378,"orthographic":true}